,المملكة العربية السعودية,الإمارات العربية المتحدة,قطر,عمان,الكويت,البحرين
,الرياض,دبي,الدوحة,ظفار, العاصمة,العاصمة
,مكة المكرمة,أبوظبي,الريان,مسندم,الجهراء,المحرق
,المدينة المنورة,الشارقة,أم صلال,البريمي,الفروانية,الشمالية
,القصيم,ام القيوين,الخور,الداخلية,حولي,الجنوبية
,الشرقية,عجمان,الوكرة,شمال الباطنة,مبارك الكبير,
,عسير,رأس الخيمة,الجميلية,جنوب الباطنة,الاحمدى,
,تبوك,الفجيرة,مسيعيد,الشرقية الشمالية,,
,حائل,,جريان البطنة,الجنوبية الشرقية,,
,الشمالية,,الشمال,الظاهرة,,
,جازان,,الغويرية,الوسطى,,
,نجران,,,مسقط,,
,الباحة,,,,,
,الجوف,,,,,
