,Dhofar, Musandam, Al Buraimi, Ad Dakhiliyah, Northern Al Batinah, Southern Al Batinah, Northern Al Sharqiyah, Southeastern Al Sharqiyah, Az Zahirah, Ad Dakhiliyah, Muscat
,Salalah Governorate, Governorate of Khassab, Governorate of Al Buraimi, Governorate of Nizwa, Governorate of Sohar, Governorate of Nakhl, Governorate of Ibri, Governorate of Masirah, Governorate of Dhank, Governorate of Haima, Governorate of Muscat
,Wilayat Taqah, Wilayat Buka, Wilayat Muhadah, Wilayat Sumail, Wilayat Shinas, Wilayat Wadi Al Ma'awal, Wilayat Al Mudaybi, Wilayat Sur, Wilayat Yanqul, Wilayat Al Duqm, Wilayat Matrah
,Wilayat Marbat, Wilayat Daba, Wilayat As Sini'ah, Wilayat Bahla, Wilayat Liwa, Wilayat Al Awabi, Wilayat Bidiyah, Wilayat Ja'alan Bani Bu Hasan, Wilayat Dank, Wilayat Mahoot, Wilayat Bushar
,Wilayat Thumrait, Wilayat Mudha, ,Wilayat Adam, Wilayat Saham, Wilayat Al Musana'ah, Wilayat Wadi Bani Khalid, Wilayat Ja'alan Bani Bu 'Ali, ,Wilayat Al Jazir, Wilayat As Seeb
,Wilayat Sadah,,,Wilayat Al Hamra, Wilayat Al Khaborah, Wilayat Barka, Wilayat Dimaa' Wal Ta'ayeen, Wilayat Al Kamel Wal Wafi,,,Wilayat Al 'Amirat
,Wilayat Rakhyut,,,Wilayat Manah, Wilayat As Suwayq, Wilayat Ar Rustaq, Wilayat Al Qabil,,,,Wilayat Qurayyat
,Wilayat Dalkut,,,Wilayat Izki,,,,,,,
,Wilayat Muqshin,,,Wilayat Bidbid,,,,,,,
,Wilayat Shalim Wal Juzur Al Hallaniyat,,,,,,,,,,
,Wilayat Al Mazunah,,,,,,,,,,,