,Al Riyadh, Makkah Al Mukarramah, Al Madinah Al Munawwarah, Al Qassim, Ash Sharqiyah, 'Asir, Tabuk, Hail, Ash Shamaliyah, Jazan, Najran, Al Bahah, Al Jawf
,Al Riyadh, Makkah Al Mukarramah, Al Madinah Al Munawwarah, Buraydah, Ad Dammam, Abha, Tabuk, Hail, 'Ar'ar, Jazan, Najran, Al Bahah, Sakaka
,Ad Diriyah, Jeddah, Yanbu, Unaizah, Al Ahsa, Khamis Mushait, Al Wajh, Buqayq, Rafha, Sabya, Sharurah, Baljurashi, Al Qurayyat
,Al Kharj, At Ta'if, Al Ula, Ar Rass, Hafr Al Batin, Bisha, Dhahran, Al Ghazalah, Tarif, Abu Arish, Habuna, Al Mundak, Dumah Al Jandal
,Ad Dawadimi, Al Qunfudhah, Al Mahd, Al Mudhnib, Al Jubail, An Namas, Tayma, Ash Shan'an, Al 'Uyaynah, Samitah, Badr Al Janub, Al Mukhwah, Tabarjal
,Al Majma'ah, Al Laith, Al Hanakiyah, Al Bukayriyah, Al Qatif, Mahayil Asir, Umluj, Al Hareet, Baysh, Yadma, Qaluwah,
,Al Quway'iyah, Rabigh, Badr, Al Badai'a, Al Khobar, Dhahran Al Janub, Haql, As Sulaymi,, Ad Darb, Thar, Al 'Uqayq,
,Al Aflaj, Khulays, Khaybar, Al Usayyah, Al Khafji, Tathleeth, Al Bad', Ash Shamli,, Al Harith, Khubash, Al Qurayat,
,Wadi Al Dawasir, Al Kharma, Al 'Is, An Nabhaniyah, Ras Tanura, Sarrat 'Ubaydah,,,,, Dammam,, Ghamid Az Zanad,
,Al Zulfi, Ranya, Wadi Al Fur', Ash Shamasiyah, Baqiq, Rajal Al Ma',,,,,, Ar Riyth,, Al Hajrah,
,Shaqra', Turabah,,,,, 'Ayun Al Jawwa', An Nu'ayriyah, Balqarn,,,,, Fursan,, Bani Hasan,
,Hawtat Bani Tamim, Al Jamum,,,,, Riyadh Al Khubra', Qaryat Al 'Ulaya, Ahad Rafidah,,,,, Ad Dayr,,,
,'Uyayna, Al Kamel,,,,, 'Uqlat As Suqur, Al 'Adid, Al Majardah,,,,, Al 'Aridah,,,
,Al Ghatt, Al Muwayh,,,,, Dariyah, Al Baydha', Al Barak,,,,, Ahad Al Masarihah,,,
,As Sulayyil, Mis'an,,,,, Bareq,,,,, Al 'Iyadabi,,,
,Dirma, 'Adim,,,,, Tanumah,,,,, Fayfa',,,
,Al Mazahimiyah, Al 'Ar'idiyat,,,,, Tareeb,,,,, At Tawal,,,
,Rumah, Buhrah,,,,, Al Harajah,,,,, Hurub,,,
,Thadiq,,,,,,,,,,,,
,Harimlah,,,,,,,,,,,,
,Al Hariq,,,,,,,,,,,,
,Mirat,,,,,,,,,,,,
,Ar Rayn,,,,,,,,,,,,
,Ad Dalim,,,,,,,,,,,,